[
    {
        "pk": 2,
        "model": "auth.user",
        "fields": {
            "username": "ewb_creator"
        }
    },
    {
        "pk": 1, 
        "model": "base_groups.basegroup", 
        "fields": {
            "description": "Burnaby, BC", 
            "parent": null, 
            "creator": 2, 
            "created": "2009-01-01 00:00:00", 
            "model": "Network", 
            "slug": "sfu", 
            "name": "Simon Fraser University"
        }
    }, 
    {
        "pk": 2, 
        "model": "base_groups.basegroup", 
        "fields": {
            "description": "Vancouver, BC", 
            "parent": null, 
            "creator": 2, 
            "created": "2009-01-01 00:00:00", 
            "model": "Network", 
            "slug": "ubc", 
            "name": "University of British Columbia"
        }
    }, 
    {
        "pk": 3, 
        "model": "base_groups.basegroup", 
        "fields": {
            "description": "Victoria, BC", 
            "parent": null, 
            "creator": 2, 
            "created": "2009-01-01 00:00:00", 
            "model": "Network", 
            "slug": "uvic", 
            "name": "University of Victoria"
        }
    }, 
    {
        "pk": 4, 
        "model": "base_groups.basegroup", 
        "fields": {
            "description": "Vancouver, BC", 
            "parent": null, 
            "creator": 2, 
            "created": "2009-01-01 00:00:00", 
            "model": "Network", 
            "slug": "vancouver", 
            "name": "Vancouver, BC"
        }
    }, 
    {
        "pk": 5, 
        "model": "base_groups.basegroup", 
        "fields": {
            "description": "Calgary, AB", 
            "parent": null, 
            "creator": 2, 
            "created": "2009-01-01 00:00:00", 
            "model": "Network", 
            "slug": "calgary", 
            "name": "Calgary, AB"
        }
    }, 
    {
        "pk": 6, 
        "model": "base_groups.basegroup", 
        "fields": {
            "description": "Edmonton, AB", 
            "parent": null, 
            "creator": 2, 
            "created": "2009-11-14 19:01:58", 
            "model": "Network", 
            "slug": "edmonton", 
            "name": "Edmonton, AB"
        }
    }, 
    {
        "pk": 7, 
        "model": "base_groups.basegroup", 
        "fields": {
            "description": "Edmonton, AB", 
            "parent": null, 
            "creator": 2, 
            "created": "2009-11-14 19:05:04", 
            "model": "Network", 
            "slug": "ualberta", 
            "name": "University of Alberta"
        }
    }, 
    {
        "pk": 8, 
        "model": "base_groups.basegroup", 
        "fields": {
            "description": "Calgary, AB", 
            "parent": null, 
            "creator": 2, 
            "created": "2009-11-14 19:06:06", 
            "model": "Network", 
            "slug": "ucalgary", 
            "name": "University of Calgary"
        }
    }, 
    {
        "pk": 9, 
        "model": "base_groups.basegroup", 
        "fields": {
            "description": "Saskatoon, SK", 
            "parent": null, 
            "creator": 2, 
            "created": "2009-11-14 19:06:50", 
            "model": "Network", 
            "slug": "saskatoon", 
            "name": "Saskatoon, SK"
        }
    }, 
    {
        "pk": 10, 
        "model": "base_groups.basegroup", 
        "fields": {
            "description": "Regina, SK", 
            "parent": null, 
            "creator": 2, 
            "created": "2009-11-14 19:07:35", 
            "model": "Network", 
            "slug": "uregina", 
            "name": "University of Regina"
        }
    }, 
    {
        "pk": 11, 
        "model": "base_groups.basegroup", 
        "fields": {
            "description": "Saskatoon, SK", 
            "parent": null, 
            "creator": 2, 
            "created": "2009-11-14 19:08:15", 
            "model": "Network", 
            "slug": "usask", 
            "name": "University of Saskatchewan"
        }
    }, 
    {
        "pk": 12, 
        "model": "base_groups.basegroup", 
        "fields": {
            "description": "Winnipeg, MB", 
            "parent": null, 
            "creator": 2, 
            "created": "2009-11-14 19:08:42", 
            "model": "Network", 
            "slug": "umanitoba", 
            "name": "University of Manitoba"
        }
    }, 
    {
        "pk": 13, 
        "model": "base_groups.basegroup", 
        "fields": {
            "description": "Winnipeg, MB", 
            "parent": null, 
            "creator": 2, 
            "created": "2009-11-14 19:09:18", 
            "model": "Network", 
            "slug": "winnipeg", 
            "name": "Winnipeg, MB"
        }
    }, 
    {
        "pk": 14, 
        "model": "base_groups.basegroup", 
        "fields": {
            "description": "Ottawa, ON", 
            "parent": null, 
            "creator": 2, 
            "created": "2009-11-14 19:09:41", 
            "model": "Network", 
            "slug": "carleton", 
            "name": "Carleton University"
        }
    }, 
    {
        "pk": 15, 
        "model": "base_groups.basegroup", 
        "fields": {
            "description": "Kitchener, ON", 
            "parent": null, 
            "creator": 2, 
            "created": "2009-11-14 19:10:27", 
            "model": "Network", 
            "slug": "grandriver", 
            "name": "Kitchener, ON"
        }
    }, 
    {
        "pk": 16, 
        "model": "base_groups.basegroup", 
        "fields": {
            "description": "Hamilton, ON", 
            "parent": null, 
            "creator": 2, 
            "created": "2009-11-14 19:10:54", 
            "model": "Network", 
            "slug": "mcmaster", 
            "name": "McMaster University"
        }
    }, 
    {
        "pk": 17, 
        "model": "base_groups.basegroup", 
        "fields": {
            "description": "Ottawa, ON", 
            "parent": null, 
            "creator": 2, 
            "created": "2009-11-14 19:11:30", 
            "model": "Network", 
            "slug": "ottawa", 
            "name": "Ottawa, ON"
        }
    }, 
    {
        "pk": 18, 
        "model": "base_groups.basegroup", 
        "fields": {
            "description": "Kingston, ON", 
            "parent": null, 
            "creator": 2, 
            "created": "2009-11-14 19:11:55", 
            "model": "Network", 
            "slug": "queensu", 
            "name": "Queen's University"
        }
    }, 
    {
        "pk": 19, 
        "model": "base_groups.basegroup", 
        "fields": {
            "description": "Toronto, ON", 
            "parent": null, 
            "creator": 2, 
            "created": "2009-11-14 19:12:45", 
            "model": "Network", 
            "slug": "ryerson", 
            "name": "Ryerson University"
        }
    }, 
    {
        "pk": 20, 
        "model": "base_groups.basegroup", 
        "fields": {
            "description": "Toronto, ON", 
            "parent": null, 
            "creator": 2, 
            "created": "2009-11-14 19:13:15", 
            "model": "Network", 
            "slug": "toronto", 
            "name": "Toronto, ON"
        }
    }, 
    {
        "pk": 21, 
        "model": "base_groups.basegroup", 
        "fields": {
            "description": "Guelph, ON", 
            "parent": null, 
            "creator": 2, 
            "created": "2009-11-14 19:13:36", 
            "model": "Network", 
            "slug": "uoguelph", 
            "name": "University of Guelph"
        }
    }, 
    {
        "pk": 22, 
        "model": "base_groups.basegroup", 
        "fields": {
            "description": "Oshawa, ON", 
            "parent": null, 
            "creator": 2, 
            "created": "2009-11-14 19:14:08", 
            "model": "Network", 
            "slug": "uoit", 
            "name": "University of Ontario Institute of Technology"
        }
    }, 
    {
        "pk": 23, 
        "model": "base_groups.basegroup", 
        "fields": {
            "description": "Ottawa, ON", 
            "parent": null, 
            "creator": 2, 
            "created": "2009-11-14 19:14:50", 
            "model": "Network", 
            "slug": "uottawa", 
            "name": "University of Ottawa"
        }
    }, 
    {
        "pk": 24, 
        "model": "base_groups.basegroup", 
        "fields": {
            "description": "Toronto, ON", 
            "parent": null, 
            "creator": 2, 
            "created": "2009-11-14 19:15:21", 
            "model": "Network", 
            "slug": "utoronto", 
            "name": "University of Toronto"
        }
    }, 
    {
        "pk": 25, 
        "model": "base_groups.basegroup", 
        "fields": {
            "description": "Waterloo, ON", 
            "parent": null, 
            "creator": 2, 
            "created": "2009-11-14 19:15:46", 
            "model": "Network", 
            "slug": "uwaterloo", 
            "name": "University of Waterloo"
        }
    }, 
    {
        "pk": 26, 
        "model": "base_groups.basegroup", 
        "fields": {
            "description": "London, ON", 
            "parent": null, 
            "creator": 2, 
            "created": "2009-11-14 19:16:05", 
            "model": "Network", 
            "slug": "uwo", 
            "name": "University of Western Ontario"
        }
    }, 
    {
        "pk": 27, 
        "model": "base_groups.basegroup", 
        "fields": {
            "description": "Windsor, ON", 
            "parent": null, 
            "creator": 2, 
            "created": "2009-11-14 19:16:35", 
            "model": "Network", 
            "slug": "uwindsor", 
            "name": "University of Windsor"
        }
    }, 
    {
        "pk": 28, 
        "model": "base_groups.basegroup", 
        "fields": {
            "description": "Toronto, ON", 
            "parent": null, 
            "creator": 2, 
            "created": "2009-11-14 19:17:01", 
            "model": "Network", 
            "slug": "yorku", 
            "name": "York University"
        }
    }, 
    {
        "pk": 29, 
        "model": "base_groups.basegroup", 
        "fields": {
            "description": "Montreal, QC", 
            "parent": null, 
            "creator": 2, 
            "created": "2009-11-14 19:17:21", 
            "model": "Network", 
            "slug": "concordia", 
            "name": "Concordia University"
        }
    }, 
    {
        "pk": 30, 
        "model": "base_groups.basegroup", 
        "fields": {
            "description": "Montreal, QC", 
            "parent": null, 
            "creator": 2, 
            "created": "2009-11-14 19:18:03", 
            "model": "Network", 
            "slug": "mcgill", 
            "name": "McGill University"
        }
    }, 
    {
        "pk": 31, 
        "model": "base_groups.basegroup", 
        "fields": {
            "description": "Montr\u00e9al, QC", 
            "parent": null, 
            "creator": 2, 
            "created": "2009-11-14 19:18:28", 
            "model": "Network", 
            "slug": "polymtl", 
            "name": "\u00c9cole Polytechnique Montr\u00e9al"
        }
    }, 
    {
        "pk": 32, 
        "model": "base_groups.basegroup", 
        "fields": {
            "description": "Montreal, QC", 
            "parent": null, 
            "creator": 2, 
            "created": "2009-11-14 19:19:03", 
            "model": "Network", 
            "slug": "montreal", 
            "name": "Montreal, QC"
        }
    }, 
    {
        "pk": 33, 
        "model": "base_groups.basegroup", 
        "fields": {
            "description": "Sherbrooke, QC", 
            "parent": null, 
            "creator": 2, 
            "created": "2009-11-14 19:19:27", 
            "model": "Network", 
            "slug": "usherbrooke", 
            "name": "Universit\u00e9 de Sherbrooke"
        }
    }, 
    {
        "pk": 34, 
        "model": "base_groups.basegroup", 
        "fields": {
            "description": "Qu\u00e9bec, QC", 
            "parent": null, 
            "creator": 2, 
            "created": "2009-11-14 19:19:56", 
            "model": "Network", 
            "slug": "ulaval", 
            "name": "Universit\u00e9 Laval"
        }
    }, 
    {
        "pk": 35, 
        "model": "base_groups.basegroup", 
        "fields": {
            "description": "Fredericton, NB", 
            "parent": null, 
            "creator": 2, 
            "created": "2009-11-14 19:20:32", 
            "model": "Network", 
            "slug": "unb", 
            "name": "University of New Brunswick"
        }
    }, 
    {
        "pk": 36, 
        "model": "base_groups.basegroup", 
        "fields": {
            "description": "Halifax, NS", 
            "parent": null, 
            "creator": 2, 
            "created": "2009-11-14 19:21:05", 
            "model": "Network", 
            "slug": "dal", 
            "name": "Dalhousie University"
        }
    }, 
    {
        "pk": 37, 
        "model": "base_groups.basegroup", 
        "fields": {
            "description": "St. John's, NL", 
            "parent": null, 
            "creator": 2, 
            "created": "2009-11-14 19:21:29", 
            "model": "Network", 
            "slug": "mun", 
            "name": "Memorial University of Newfoundland"
        }
    }, 
    {
        "pk": 38, 
        "model": "base_groups.basegroup", 
        "fields": {
            "description": "A mailing list for people working to increase the availability of fair trade at their campuses. 1-2 representatives per chapter, please!", 
            "parent": null, 
            "creator": 2, 
            "created": "2009-11-14 19:53:08", 
            "model": "Community", 
            "slug": "fairtradecampus", 
            "name": "Fair Trade Campuses Team"
        }
    }, 
    {
        "pk": 39, 
        "model": "base_groups.basegroup", 
        "fields": {
            "description": "Job opportunities related to human development, including announcement about EWB overseas positions.  ", 
            "parent": null, 
            "creator": 2, 
            "created": "2009-11-14 19:56:45", 
            "model": "Community", 
            "slug": "jobs", 
            "name": "Job and Overseas Volunteering Opportunities"
        }
    }, 
    {
        "pk": 40, 
        "model": "base_groups.basegroup", 
        "fields": {
            "description": "Volunteers that are interested in volunteering at the National Office ", 
            "parent": null, 
            "creator": 2, 
            "created": "2009-11-14 19:57:15", 
            "model": "Community", 
            "slug": "volunteer", 
            "name": "National Office Volunteers"
        }
    }, 
    {
        "pk": 41, 
        "model": "base_groups.basegroup", 
        "fields": {
            "description": "A list of national translation volunteers", 
            "parent": null, 
            "creator": 2, 
            "created": "2009-11-14 19:57:39", 
            "model": "Community", 
            "slug": "traduction", 
            "name": "traduction"
        }
    }, 
    {
        "pk": 42, 
        "model": "base_groups.basegroup", 
        "fields": {
            "description": "A group for updates and ideas on the discussion around our organizational values.  ", 
            "parent": null, 
            "creator": 2, 
            "created": "2009-11-14 19:58:08", 
            "model": "Community", 
            "slug": "values2009", 
            "name": "Values Discussion 2009"
        }
    }, 
    {
        "pk": 43, 
        "model": "base_groups.basegroup", 
        "fields": {
            "description": "Youth Engagement National Reps & Members interested in youth engagement", 
            "parent": null, 
            "creator": 2, 
            "created": "2009-11-14 19:58:33", 
            "model": "Community", 
            "slug": "youthengagement", 
            "name": "Youth Engagement National Reps"
        }
    }, 
    {
        "pk": 44, 
        "model": "base_groups.basegroup", 
        "fields": {
            "description": "A group of graphics and creative designers who contribute to various EWB local, national, and international campaigns.  ", 
            "parent": null, 
            "creator": 2, 
            "created": "2009-11-14 19:59:13", 
            "model": "Community", 
            "slug": "design", 
            "name": "Creative Design Community"
        }
    }, 
    {
        "pk": 45, 
        "model": "base_groups.basegroup", 
        "fields": {
            "description": "Professional chapters' executive mailing list (all chapters).", 
            "parent": null, 
            "creator": 2, 
            "created": "2009-11-14 19:59:43", 
            "model": "Community", 
            "slug": "prochaptersexec", 
            "name": "Professional Chapter Exec"
        }
    }, 
    {
        "pk": 46, 
        "model": "base_groups.basegroup", 
        "fields": {
            "description": "Student Chapter Presidents' mailing list.", 
            "parent": null, 
            "creator": 2, 
            "created": "2009-11-14 20:01:04", 
            "model": "Community", 
            "slug": "presidents", 
            "name": "Student Chapter Presidents"
        }
    }, 
    {
        "pk": 47, 
        "model": "base_groups.basegroup", 
        "fields": {
            "description": "Finance National Reps' mailing list. ", 
            "parent": null, 
            "creator": 2, 
            "created": "2009-11-14 20:01:29", 
            "model": "Community", 
            "slug": "finance", 
            "name": "Finance National Reps"
        }
    }, 
    {
        "pk": 48, 
        "model": "base_groups.basegroup", 
        "fields": {
            "description": "Member Learning National Reps' mailing list.", 
            "parent": null, 
            "creator": 2, 
            "created": "2009-11-14 20:01:50", 
            "model": "Community", 
            "slug": "memberlearning", 
            "name": "Member Learning National Reps"
        }
    }, 
    {
        "pk": 49, 
        "model": "base_groups.basegroup", 
        "fields": {
            "description": "Learning Partnerships National Reps' mailing list. ", 
            "parent": null, 
            "creator": 2, 
            "created": "2009-11-14 20:02:13", 
            "model": "Community", 
            "slug": "learningpartnerships", 
            "name": "Learning Partnerships National Reps"
        }
    }, 
    {
        "pk": 50, 
        "model": "base_groups.basegroup", 
        "fields": {
            "description": "School Outreach National Reps' mailing list.  ", 
            "parent": null, 
            "creator": 2, 
            "created": "2009-11-14 20:02:35", 
            "model": "Community", 
            "slug": "schooloutreach", 
            "name": "School Outreach National Reps"
        }
    }, 
    {
        "pk": 51, 
        "model": "base_groups.basegroup", 
        "fields": {
            "description": "Curriculum Enhancement National Reps' mailing list.  ", 
            "parent": null, 
            "creator": 2, 
            "created": "2009-11-14 20:02:59", 
            "model": "Community", 
            "slug": "curriculumenhancement", 
            "name": "Curriculum Enhancement National Reps"
        }
    }, 
    {
        "pk": 52, 
        "model": "base_groups.basegroup", 
        "fields": {
            "description": "Public Outreach National Reps' mailing list.  ", 
            "parent": null, 
            "creator": 2, 
            "created": "2009-11-14 20:03:29", 
            "model": "Community", 
            "slug": "publicoutreach", 
            "name": "Public Outreach National Reps"
        }
    }, 
    {
        "pk": 53, 
        "model": "base_groups.basegroup", 
        "fields": {
            "description": "Webmaster Contacts' mailing list.  ", 
            "parent": null, 
            "creator": 2, 
            "created": "2009-11-14 20:03:56", 
            "model": "Community", 
            "slug": "webmaster", 
            "name": "Webmaster Contacts"
        }
    }, 
    {
        "pk": 54, 
        "model": "base_groups.basegroup", 
        "fields": {
            "description": "Communications Contacts' mailing list.  ", 
            "parent": null, 
            "creator": 2, 
            "created": "2009-11-14 20:04:16", 
            "model": "Community", 
            "slug": "communications", 
            "name": "Communications Contacts"
        }
    }, 
    {
        "pk": 55, 
        "model": "base_groups.basegroup", 
        "fields": {
            "description": "Professional Chapter Presidents' mailing list", 
            "parent": null, 
            "creator": 2, 
            "created": "2009-11-14 20:04:36", 
            "model": "Community", 
            "slug": "prochapterpres", 
            "name": "Professional Chapter Presidents"
        }
    }, 
    {
        "pk": 56, 
        "model": "base_groups.basegroup", 
        "fields": {
            "description": "Workplace Outreach National Reps' list  ", 
            "parent": null, 
            "creator": 2, 
            "created": "2009-11-14 20:04:59", 
            "model": "Community", 
            "slug": "workplaceoutreach", 
            "name": "Workplace Outreach National Reps"
        }
    }, 
    {
        "pk": 57, 
        "model": "base_groups.basegroup", 
        "fields": {
            "description": "Fundraising National Reps' mailing list.", 
            "parent": null, 
            "creator": 2, 
            "created": "2009-11-14 20:05:31", 
            "model": "Community", 
            "slug": "fundraising", 
            "name": "Fundraising National Reps"
        }
    },
    {
        "pk": 58, 
        "model": "base_groups.basegroup", 
        "fields": {
            "description": "Student chapters' executive mailing list (all chapters).", 
            "parent": null, 
            "creator": 2, 
            "created": "2009-11-14 19:59:43", 
            "model": "Community", 
            "slug": "unichaptersexec", 
            "name": "Student Chapter Exec"
        }
    }, 
    {
        "pk": 59, 
        "model": "base_groups.basegroup", 
        "fields": {
            "description": "All chapters executive mailing list (student and pro).", 
            "parent": null, 
            "creator": 2, 
            "created": "2009-11-14 19:59:43", 
            "model": "Community", 
            "slug": "exec", 
            "name": "Chapter Executives"
        }
    }, 
    {
        "pk": 60, 
        "model": "base_groups.basegroup", 
        "fields": {
            "description": "Simon Fraser University Executive List", 
            "parent": 1, 
            "creator": 2, 
            "created": "2009-01-01 00:00:00", 
            "model": "Community", 
            "slug": "sfu-exec", 
            "name": "Simon Fraser University Executive"
        }
    }, 
    {
        "pk": 61, 
        "model": "base_groups.basegroup", 
        "fields": {
            "description": "University of British Columbia Executive List", 
            "parent": 2, 
            "creator": 2, 
            "created": "2009-01-01 00:00:00", 
            "model": "Community", 
            "slug": "ubc-exec", 
            "name": "University of British Columbia Executive"
        }
    }, 
    {
        "pk": 62, 
        "model": "base_groups.basegroup", 
        "fields": {
            "description": "University of Victoria Executive List", 
            "parent": 3, 
            "creator": 2, 
            "created": "2009-01-01 00:00:00", 
            "model": "Community", 
            "slug": "uvic-exec", 
            "name": "University of Victoria Executive"
        }
    }, 
    {
        "pk": 63, 
        "model": "base_groups.basegroup", 
        "fields": {
            "description": "Vancouver, BC Executive List", 
            "parent": 4, 
            "creator": 2, 
            "created": "2009-01-01 00:00:00", 
            "model": "Community", 
            "slug": "vancouver-exec", 
            "name": "Vancouver, BC Executive"
        }
    }, 
    {
        "pk": 64, 
        "model": "base_groups.basegroup", 
        "fields": {
            "description": "Calgary, AB Executive List", 
            "parent": 5, 
            "creator": 2, 
            "created": "2009-01-01 00:00:00", 
            "model": "Community", 
            "slug": "calgary-exec", 
            "name": "Calgary, AB Executive"
        }
    }, 
    {
        "pk": 65, 
        "model": "base_groups.basegroup", 
        "fields": {
            "description": "Edmonton, AB Executive List", 
            "parent": 6, 
            "creator": 2, 
            "created": "2009-01-01 00:00:00", 
            "model": "Community", 
            "slug": "edmonton-exec", 
            "name": "Edmonton, AB Executive"
        }
    }, 
    {
        "pk": 66, 
        "model": "base_groups.basegroup", 
        "fields": {
            "description": "University of Alberta Executive List", 
            "parent": 7, 
            "creator": 2, 
            "created": "2009-01-01 00:00:00", 
            "model": "Community", 
            "slug": "ualberta-exec", 
            "name": "University of Alberta Executive"
        }
    }, 
    {
        "pk": 67, 
        "model": "base_groups.basegroup", 
        "fields": {
            "description": "University of Calgary Executive List", 
            "parent": 8, 
            "creator": 2, 
            "created": "2009-01-01 00:00:00", 
            "model": "Community", 
            "slug": "ucalgary-exec", 
            "name": "University of Calgary Executive"
        }
    }, 
    {
        "pk": 68, 
        "model": "base_groups.basegroup", 
        "fields": {
            "description": "Saskatoon, SK Executive List", 
            "parent": 9, 
            "creator": 2, 
            "created": "2009-01-01 00:00:00", 
            "model": "Community", 
            "slug": "saskatoon-exec", 
            "name": "Saskatoon, SK Executive"
        }
    }, 
    {
        "pk": 69, 
        "model": "base_groups.basegroup", 
        "fields": {
            "description": "University of Regina Executive List", 
            "parent": 10, 
            "creator": 2, 
            "created": "2009-01-01 00:00:00", 
            "model": "Community", 
            "slug": "uregina-exec", 
            "name": "University of Regina Executive"
        }
    }, 
    {
        "pk": 70, 
        "model": "base_groups.basegroup", 
        "fields": {
            "description": "University of Saskatchewan Executive List", 
            "parent": 11, 
            "creator": 2, 
            "created": "2009-01-01 00:00:00", 
            "model": "Community", 
            "slug": "usask-exec", 
            "name": "University of Saskatchewan Executive"
        }
    }, 
    {
        "pk": 71, 
        "model": "base_groups.basegroup", 
        "fields": {
            "description": "University of Manitoba Executive List", 
            "parent": 12, 
            "creator": 2, 
            "created": "2009-01-01 00:00:00", 
            "model": "Community", 
            "slug": "umanitoba-exec", 
            "name": "University of Manitoba Executive"
        }
    }, 
    {
        "pk": 72, 
        "model": "base_groups.basegroup", 
        "fields": {
            "description": "Winnipeg, MB Executive List", 
            "parent": 13, 
            "creator": 2, 
            "created": "2009-01-01 00:00:00", 
            "model": "Community", 
            "slug": "winnipeg-exec", 
            "name": "Winnipeg, MB Executive"
        }
    }, 
    {
        "pk": 73, 
        "model": "base_groups.basegroup", 
        "fields": {
            "description": "Carleton University Executive List", 
            "parent": 14, 
            "creator": 2, 
            "created": "2009-01-01 00:00:00", 
            "model": "Community", 
            "slug": "carleton-exec", 
            "name": "Carleton University Executive"
        }
    }, 
    {
        "pk": 74, 
        "model": "base_groups.basegroup", 
        "fields": {
            "description": "Kitchener, ON Executive List", 
            "parent": 15, 
            "creator": 2, 
            "created": "2009-01-01 00:00:00", 
            "model": "Community", 
            "slug": "grandriver-exec", 
            "name": "Kitchener, ON Executive"
        }
    }, 
    {
        "pk": 75, 
        "model": "base_groups.basegroup", 
        "fields": {
            "description": "McMaster University Executive List", 
            "parent": 16, 
            "creator": 2, 
            "created": "2009-01-01 00:00:00", 
            "model": "Community", 
            "slug": "mcmaster-exec", 
            "name": "McMaster University Executive"
        }
    }, 
    {
        "pk": 76, 
        "model": "base_groups.basegroup", 
        "fields": {
            "description": "Ottawa, ON Executive List", 
            "parent": 17, 
            "creator": 2, 
            "created": "2009-01-01 00:00:00", 
            "model": "Community", 
            "slug": "ottawa-exec", 
            "name": "Ottawa, ON Executive"
        }
    }, 
    {
        "pk": 77, 
        "model": "base_groups.basegroup", 
        "fields": {
            "description": "Queen's University Executive List", 
            "parent": 18, 
            "creator": 2, 
            "created": "2009-01-01 00:00:00", 
            "model": "Community", 
            "slug": "queensu-exec", 
            "name": "Queen's University Executive"
        }
    }, 
    {
        "pk": 78, 
        "model": "base_groups.basegroup", 
        "fields": {
            "description": "Ryerson University Executive List", 
            "parent": 19, 
            "creator": 2, 
            "created": "2009-01-01 00:00:00", 
            "model": "Community", 
            "slug": "ryerson-exec", 
            "name": "Ryerson University Executive"
        }
    }, 
    {
        "pk": 79, 
        "model": "base_groups.basegroup", 
        "fields": {
            "description": "Toronto, ON Executive List", 
            "parent": 20, 
            "creator": 2, 
            "created": "2009-01-01 00:00:00", 
            "model": "Community", 
            "slug": "toronto-exec", 
            "name": "Toronto, ON Executive"
        }
    }, 
    {
        "pk": 80, 
        "model": "base_groups.basegroup", 
        "fields": {
            "description": "University of Guelph Executive List", 
            "parent": 21, 
            "creator": 2, 
            "created": "2009-01-01 00:00:00", 
            "model": "Community", 
            "slug": "uoguelph-exec", 
            "name": "University of Guelph Executive"
        }
    }, 
    {
        "pk": 81, 
        "model": "base_groups.basegroup", 
        "fields": {
            "description": "University of Ontario Institute of Technology Executive List", 
            "parent": 22, 
            "creator": 2, 
            "created": "2009-01-01 00:00:00", 
            "model": "Community", 
            "slug": "uoit-exec", 
            "name": "University of Ontario Institute of Technology Executive"
        }
    }, 
    {
        "pk": 82, 
        "model": "base_groups.basegroup", 
        "fields": {
            "description": "University of Ottawa Executive List", 
            "parent": 23, 
            "creator": 2, 
            "created": "2009-01-01 00:00:00", 
            "model": "Community", 
            "slug": "uottawa-exec", 
            "name": "University of Ottawa Executive"
        }
    }, 
    {
        "pk": 83, 
        "model": "base_groups.basegroup", 
        "fields": {
            "description": "University of Toronto Executive List", 
            "parent": 24, 
            "creator": 2, 
            "created": "2009-01-01 00:00:00", 
            "model": "Community", 
            "slug": "utoronto-exec", 
            "name": "University of Toronto Executive"
        }
    }, 
    {
        "pk": 84, 
        "model": "base_groups.basegroup", 
        "fields": {
            "description": "University of Waterloo Executive List", 
            "parent": 25, 
            "creator": 2, 
            "created": "2009-01-01 00:00:00", 
            "model": "Community", 
            "slug": "uwaterloo-exec", 
            "name": "University of Waterloo Executive"
        }
    }, 
    {
        "pk": 85, 
        "model": "base_groups.basegroup", 
        "fields": {
            "description": "University of Western Ontario Executive List", 
            "parent": 26, 
            "creator": 2, 
            "created": "2009-01-01 00:00:00", 
            "model": "Community", 
            "slug": "uwo-exec", 
            "name": "University of Western Ontario Executive"
        }
    }, 
    {
        "pk": 86, 
        "model": "base_groups.basegroup", 
        "fields": {
            "description": "University of Windsor Executive List", 
            "parent": 27, 
            "creator": 2, 
            "created": "2009-01-01 00:00:00", 
            "model": "Community", 
            "slug": "uwindsor-exec", 
            "name": "University of Windsor Executive"
        }
    }, 
    {
        "pk": 87, 
        "model": "base_groups.basegroup", 
        "fields": {
            "description": "York University Executive List", 
            "parent": 28, 
            "creator": 2, 
            "created": "2009-01-01 00:00:00", 
            "model": "Community", 
            "slug": "yorku-exec", 
            "name": "York University Executive"
        }
    }, 
    {
        "pk": 88, 
        "model": "base_groups.basegroup", 
        "fields": {
            "description": "Concordia University Executive List", 
            "parent": 29, 
            "creator": 2, 
            "created": "2009-01-01 00:00:00", 
            "model": "Community", 
            "slug": "concordia-exec", 
            "name": "Concordia University Executive"
        }
    }, 
    {
        "pk": 89, 
        "model": "base_groups.basegroup", 
        "fields": {
            "description": "McGill University Executive List", 
            "parent": 30, 
            "creator": 2, 
            "created": "2009-01-01 00:00:00", 
            "model": "Community", 
            "slug": "mcgill-exec", 
            "name": "McGill University Executive"
        }
    }, 
    {
        "pk": 90, 
        "model": "base_groups.basegroup", 
        "fields": {
            "description": "\u00c9cole Polytechnique Montr\u00e9al Executive List", 
            "parent": 31, 
            "creator": 2, 
            "created": "2009-01-01 00:00:00", 
            "model": "Community", 
            "slug": "polymtl-exec", 
            "name": "\u00c9cole Polytechnique Montr\u00e9al Executive"
        }
    }, 
    {
        "pk": 91, 
        "model": "base_groups.basegroup", 
        "fields": {
            "description": "Montreal, QC Executive List", 
            "parent": 32, 
            "creator": 2, 
            "created": "2009-01-01 00:00:00", 
            "model": "Community", 
            "slug": "montreal-exec", 
            "name": "Montreal, QC Executive"
        }
    }, 
    {
        "pk": 92, 
        "model": "base_groups.basegroup", 
        "fields": {
            "description": "Universit\u00e9 de Sherbrooke Executive List", 
            "parent": 33, 
            "creator": 2, 
            "created": "2009-01-01 00:00:00", 
            "model": "Community", 
            "slug": "usherbrooke-exec", 
            "name": "Universit\u00e9 de Sherbrooke Executive"
        }
    }, 
    {
        "pk": 93, 
        "model": "base_groups.basegroup", 
        "fields": {
            "description": "Universit\u00e9 Laval Executive List", 
            "parent": 34, 
            "creator": 2, 
            "created": "2009-01-01 00:00:00", 
            "model": "Community", 
            "slug": "ulaval-exec", 
            "name": "Universit\u00e9 Laval Executive"
        }
    }, 
    {
        "pk": 94, 
        "model": "base_groups.basegroup", 
        "fields": {
            "description": "University of New Brunswick Executive List", 
            "parent": 35, 
            "creator": 2, 
            "created": "2009-01-01 00:00:00", 
            "model": "Community", 
            "slug": "unb-exec", 
            "name": "University of New Brunswick Executive"
        }
    }, 
    {
        "pk": 95, 
        "model": "base_groups.basegroup", 
        "fields": {
            "description": "Dalhousie University Executive List", 
            "parent": 36, 
            "creator": 2, 
            "created": "2009-01-01 00:00:00", 
            "model": "Community", 
            "slug": "dal-exec", 
            "name": "Dalhousie University Executive"
        }
    }, 
    {
        "pk": 96, 
        "model": "base_groups.basegroup", 
        "fields": {
            "description": "Memorial University of Newfoundland Executive List", 
            "parent": 37, 
            "creator": 2, 
            "created": "2009-01-01 00:00:00", 
            "model": "Community", 
            "slug": "mun-exec", 
            "name": "Memorial University of Newfoundland Executive"
        }
    }, 
    {
        "pk": 97, 
        "model": "base_groups.basegroup", 
        "fields": {
            "description": "National Office Staff", 
            "parent": null, 
            "creator": 2, 
            "created": "2009-01-01 00:00:00", 
            "model": "Network", 
            "slug": "natloffice", 
            "name": "National Office"
        }
    }, 
    {
        "pk": 98, 
        "model": "base_groups.basegroup", 
        "fields": {
            "description": "People who were signed up through the silent API", 
            "parent": null, 
            "creator": 2, 
            "created": "2009-01-01 00:00:00", 
            "model": "LogisticalGroup", 
            "slug": "silent_signup_api", 
            "name": "silent_signup_api"
        }
    }, 
    {
        "pk": 99, 
        "model": "base_groups.basegroup", 
        "fields": {
            "description": "Everyone's apart of this, so we can do frontpage posting", 
            "parent": null, 
            "creator": 2, 
            "created": "2009-01-01 00:00:00", 
            "model": "BaseGroup", 
            "slug": "ewb", 
            "name": "ewb"
        }
    }, 
    {
        "pk": 98,
        "model": "base_groups.logisticalgroup",
        "fields": {}
    }, 
    {
        "pk": 1, 
        "model": "base_groups.grouplocation", 
        "fields": {
            "latitude": 49.278751, 
            "place": "Burnaby, BC", 
            "group": 1, 
            "longitude": -122.917086
        }
    }, 
    {
        "pk": 2, 
        "model": "base_groups.grouplocation", 
        "fields": {
            "latitude": null, 
            "place": null, 
            "group": 2, 
            "longitude": null
        }
    }, 
    {
        "pk": 3, 
        "model": "base_groups.grouplocation", 
        "fields": {
            "latitude": null, 
            "place": null, 
            "group": 3, 
            "longitude": null
        }
    }, 
    {
        "pk": 4, 
        "model": "base_groups.grouplocation", 
        "fields": {
            "latitude": null, 
            "place": null, 
            "group": 4, 
            "longitude": null
        }
    }, 
    {
        "pk": 5, 
        "model": "base_groups.grouplocation", 
        "fields": {
            "latitude": null, 
            "place": null, 
            "group": 5, 
            "longitude": null
        }
    }, 
    {
        "pk": 6, 
        "model": "base_groups.grouplocation", 
        "fields": {
            "latitude": null, 
            "place": null, 
            "group": 6, 
            "longitude": null
        }
    }, 
    {
        "pk": 7, 
        "model": "base_groups.grouplocation", 
        "fields": {
            "latitude": null, 
            "place": null, 
            "group": 7, 
            "longitude": null
        }
    }, 
    {
        "pk": 8, 
        "model": "base_groups.grouplocation", 
        "fields": {
            "latitude": null, 
            "place": null, 
            "group": 8, 
            "longitude": null
        }
    }, 
    {
        "pk": 9, 
        "model": "base_groups.grouplocation", 
        "fields": {
            "latitude": null, 
            "place": null, 
            "group": 9, 
            "longitude": null
        }
    }, 
    {
        "pk": 10, 
        "model": "base_groups.grouplocation", 
        "fields": {
            "latitude": null, 
            "place": null, 
            "group": 10, 
            "longitude": null
        }
    }, 
    {
        "pk": 11, 
        "model": "base_groups.grouplocation", 
        "fields": {
            "latitude": null, 
            "place": null, 
            "group": 11, 
            "longitude": null
        }
    }, 
    {
        "pk": 12, 
        "model": "base_groups.grouplocation", 
        "fields": {
            "latitude": null, 
            "place": null, 
            "group": 12, 
            "longitude": null
        }
    }, 
    {
        "pk": 13, 
        "model": "base_groups.grouplocation", 
        "fields": {
            "latitude": null, 
            "place": null, 
            "group": 13, 
            "longitude": null
        }
    }, 
    {
        "pk": 14, 
        "model": "base_groups.grouplocation", 
        "fields": {
            "latitude": null, 
            "place": null, 
            "group": 14, 
            "longitude": null
        }
    }, 
    {
        "pk": 15, 
        "model": "base_groups.grouplocation", 
        "fields": {
            "latitude": null, 
            "place": null, 
            "group": 15, 
            "longitude": null
        }
    }, 
    {
        "pk": 16, 
        "model": "base_groups.grouplocation", 
        "fields": {
            "latitude": null, 
            "place": null, 
            "group": 16, 
            "longitude": null
        }
    }, 
    {
        "pk": 17, 
        "model": "base_groups.grouplocation", 
        "fields": {
            "latitude": null, 
            "place": null, 
            "group": 17, 
            "longitude": null
        }
    }, 
    {
        "pk": 18, 
        "model": "base_groups.grouplocation", 
        "fields": {
            "latitude": null, 
            "place": null, 
            "group": 18, 
            "longitude": null
        }
    }, 
    {
        "pk": 19, 
        "model": "base_groups.grouplocation", 
        "fields": {
            "latitude": null, 
            "place": null, 
            "group": 19, 
            "longitude": null
        }
    }, 
    {
        "pk": 20, 
        "model": "base_groups.grouplocation", 
        "fields": {
            "latitude": null, 
            "place": null, 
            "group": 20, 
            "longitude": null
        }
    }, 
    {
        "pk": 21, 
        "model": "base_groups.grouplocation", 
        "fields": {
            "latitude": null, 
            "place": null, 
            "group": 21, 
            "longitude": null
        }
    }, 
    {
        "pk": 22, 
        "model": "base_groups.grouplocation", 
        "fields": {
            "latitude": null, 
            "place": null, 
            "group": 22, 
            "longitude": null
        }
    }, 
    {
        "pk": 23, 
        "model": "base_groups.grouplocation", 
        "fields": {
            "latitude": null, 
            "place": null, 
            "group": 23, 
            "longitude": null
        }
    }, 
    {
        "pk": 24, 
        "model": "base_groups.grouplocation", 
        "fields": {
            "latitude": null, 
            "place": null, 
            "group": 24, 
            "longitude": null
        }
    }, 
    {
        "pk": 25, 
        "model": "base_groups.grouplocation", 
        "fields": {
            "latitude": null, 
            "place": null, 
            "group": 25, 
            "longitude": null
        }
    }, 
    {
        "pk": 26, 
        "model": "base_groups.grouplocation", 
        "fields": {
            "latitude": null, 
            "place": null, 
            "group": 26, 
            "longitude": null
        }
    }, 
    {
        "pk": 27, 
        "model": "base_groups.grouplocation", 
        "fields": {
            "latitude": null, 
            "place": null, 
            "group": 27, 
            "longitude": null
        }
    }, 
    {
        "pk": 28, 
        "model": "base_groups.grouplocation", 
        "fields": {
            "latitude": null, 
            "place": null, 
            "group": 28, 
            "longitude": null
        }
    }, 
    {
        "pk": 29, 
        "model": "base_groups.grouplocation", 
        "fields": {
            "latitude": null, 
            "place": null, 
            "group": 29, 
            "longitude": null
        }
    }, 
    {
        "pk": 30, 
        "model": "base_groups.grouplocation", 
        "fields": {
            "latitude": null, 
            "place": null, 
            "group": 30, 
            "longitude": null
        }
    }, 
    {
        "pk": 31, 
        "model": "base_groups.grouplocation", 
        "fields": {
            "latitude": null, 
            "place": null, 
            "group": 31, 
            "longitude": null
        }
    }, 
    {
        "pk": 32, 
        "model": "base_groups.grouplocation", 
        "fields": {
            "latitude": null, 
            "place": null, 
            "group": 32, 
            "longitude": null
        }
    }, 
    {
        "pk": 33, 
        "model": "base_groups.grouplocation", 
        "fields": {
            "latitude": null, 
            "place": null, 
            "group": 33, 
            "longitude": null
        }
    }, 
    {
        "pk": 34, 
        "model": "base_groups.grouplocation", 
        "fields": {
            "latitude": null, 
            "place": null, 
            "group": 34, 
            "longitude": null
        }
    }, 
    {
        "pk": 35, 
        "model": "base_groups.grouplocation", 
        "fields": {
            "latitude": null, 
            "place": null, 
            "group": 35, 
            "longitude": null
        }
    }, 
    {
        "pk": 36, 
        "model": "base_groups.grouplocation", 
        "fields": {
            "latitude": null, 
            "place": null, 
            "group": 36, 
            "longitude": null
        }
    }, 
    {
        "pk": 37, 
        "model": "base_groups.grouplocation", 
        "fields": {
            "latitude": null, 
            "place": null, 
            "group": 37, 
            "longitude": null
        }
    },
    {
        "pk": 1, 
        "model": "base_groups.visiblegroup", 
        "fields": {
            "whiteboard": null, 
            "invite_only": false, 
            "visibility": "E",
            "list_type": "a"
        }
    }, 
    {
        "pk": 2, 
        "model": "base_groups.visiblegroup", 
        "fields": {
            "whiteboard": null, 
            "invite_only": false, 
            "visibility": "E",
            "list_type": "a"
        }
    }, 
    {
        "pk": 3, 
        "model": "base_groups.visiblegroup", 
        "fields": {
            "whiteboard": null, 
            "invite_only": false, 
            "visibility": "E",
            "list_type": "a"
        }
    }, 
    {
        "pk": 4, 
        "model": "base_groups.visiblegroup", 
        "fields": {
            "whiteboard": null, 
            "invite_only": false, 
            "visibility": "E",
            "list_type": "a"
        }
    }, 
    {
        "pk": 5, 
        "model": "base_groups.visiblegroup", 
        "fields": {
            "whiteboard": null, 
            "invite_only": false, 
            "visibility": "E",
            "list_type": "a"
        }
    }, 
    {
        "pk": 6, 
        "model": "base_groups.visiblegroup", 
        "fields": {
            "whiteboard": null, 
            "invite_only": false, 
            "visibility": "E",
            "list_type": "a"
        }
    }, 
    {
        "pk": 7, 
        "model": "base_groups.visiblegroup", 
        "fields": {
            "whiteboard": null, 
            "invite_only": false, 
            "visibility": "E",
            "list_type": "a"
        }
    }, 
    {
        "pk": 8, 
        "model": "base_groups.visiblegroup", 
        "fields": {
            "whiteboard": 3, 
            "invite_only": false, 
            "visibility": "E",
            "list_type": "a"
        }
    }, 
    {
        "pk": 9, 
        "model": "base_groups.visiblegroup", 
        "fields": {
            "whiteboard": null, 
            "invite_only": false, 
            "visibility": "E",
            "list_type": "a"
        }
    }, 
    {
        "pk": 10, 
        "model": "base_groups.visiblegroup", 
        "fields": {
            "whiteboard": null, 
            "invite_only": false, 
            "visibility": "E",
            "list_type": "a"
        }
    }, 
    {
        "pk": 11, 
        "model": "base_groups.visiblegroup", 
        "fields": {
            "whiteboard": null, 
            "invite_only": false, 
            "visibility": "E",
            "list_type": "a"
        }
    }, 
    {
        "pk": 12, 
        "model": "base_groups.visiblegroup", 
        "fields": {
            "whiteboard": null, 
            "invite_only": false, 
            "visibility": "E",
            "list_type": "a"
        }
    }, 
    {
        "pk": 13, 
        "model": "base_groups.visiblegroup", 
        "fields": {
            "whiteboard": null, 
            "invite_only": false, 
            "visibility": "E",
            "list_type": "a"
        }
    }, 
    {
        "pk": 14, 
        "model": "base_groups.visiblegroup", 
        "fields": {
            "whiteboard": null, 
            "invite_only": false, 
            "visibility": "E",
            "list_type": "a"
        }
    }, 
    {
        "pk": 15, 
        "model": "base_groups.visiblegroup", 
        "fields": {
            "whiteboard": null, 
            "invite_only": false, 
            "visibility": "E",
            "list_type": "a"
        }
    }, 
    {
        "pk": 16, 
        "model": "base_groups.visiblegroup", 
        "fields": {
            "whiteboard": null, 
            "invite_only": false, 
            "visibility": "E",
            "list_type": "a"
        }
    }, 
    {
        "pk": 17, 
        "model": "base_groups.visiblegroup", 
        "fields": {
            "whiteboard": null, 
            "invite_only": false, 
            "visibility": "E",
            "list_type": "a"
        }
    }, 
    {
        "pk": 18, 
        "model": "base_groups.visiblegroup", 
        "fields": {
            "whiteboard": null, 
            "invite_only": false, 
            "visibility": "E",
            "list_type": "a"
        }
    }, 
    {
        "pk": 19, 
        "model": "base_groups.visiblegroup", 
        "fields": {
            "whiteboard": null, 
            "invite_only": false, 
            "visibility": "E",
            "list_type": "a"
        }
    }, 
    {
        "pk": 20, 
        "model": "base_groups.visiblegroup", 
        "fields": {
            "whiteboard": null, 
            "invite_only": false, 
            "visibility": "E",
            "list_type": "a"
        }
    }, 
    {
        "pk": 21, 
        "model": "base_groups.visiblegroup", 
        "fields": {
            "whiteboard": null, 
            "invite_only": false, 
            "visibility": "E",
            "list_type": "a"
        }
    }, 
    {
        "pk": 22, 
        "model": "base_groups.visiblegroup", 
        "fields": {
            "whiteboard": null, 
            "invite_only": false, 
            "visibility": "E",
            "list_type": "a"
        }
    }, 
    {
        "pk": 23, 
        "model": "base_groups.visiblegroup", 
        "fields": {
            "whiteboard": null, 
            "invite_only": false, 
            "visibility": "E",
            "list_type": "a"
        }
    }, 
    {
        "pk": 24, 
        "model": "base_groups.visiblegroup", 
        "fields": {
            "whiteboard": null, 
            "invite_only": false, 
            "visibility": "E",
            "list_type": "a"
        }
    }, 
    {
        "pk": 25, 
        "model": "base_groups.visiblegroup", 
        "fields": {
            "whiteboard": null, 
            "invite_only": false, 
            "visibility": "E",
            "list_type": "a"
        }
    }, 
    {
        "pk": 26, 
        "model": "base_groups.visiblegroup", 
        "fields": {
            "whiteboard": null, 
            "invite_only": false, 
            "visibility": "E",
            "list_type": "a"
        }
    }, 
    {
        "pk": 27, 
        "model": "base_groups.visiblegroup", 
        "fields": {
            "whiteboard": null, 
            "invite_only": false, 
            "visibility": "E",
            "list_type": "a"
        }
    }, 
    {
        "pk": 28, 
        "model": "base_groups.visiblegroup", 
        "fields": {
            "whiteboard": null, 
            "invite_only": false, 
            "visibility": "E",
            "list_type": "a"
        }
    }, 
    {
        "pk": 29, 
        "model": "base_groups.visiblegroup", 
        "fields": {
            "whiteboard": null, 
            "invite_only": false, 
            "visibility": "E",
            "list_type": "a"
        }
    }, 
    {
        "pk": 30, 
        "model": "base_groups.visiblegroup", 
        "fields": {
            "whiteboard": null, 
            "invite_only": false, 
            "visibility": "E",
            "list_type": "a"
        }
    }, 
    {
        "pk": 31, 
        "model": "base_groups.visiblegroup", 
        "fields": {
            "whiteboard": null, 
            "invite_only": false, 
            "visibility": "E",
            "list_type": "a"
        }
    }, 
    {
        "pk": 32, 
        "model": "base_groups.visiblegroup", 
        "fields": {
            "whiteboard": null, 
            "invite_only": false, 
            "visibility": "E",
            "list_type": "a"
        }
    }, 
    {
        "pk": 33, 
        "model": "base_groups.visiblegroup", 
        "fields": {
            "whiteboard": null, 
            "invite_only": false, 
            "visibility": "E",
            "list_type": "a"
        }
    }, 
    {
        "pk": 34, 
        "model": "base_groups.visiblegroup", 
        "fields": {
            "whiteboard": null, 
            "invite_only": false, 
            "visibility": "E",
            "list_type": "a"
        }
    }, 
    {
        "pk": 35, 
        "model": "base_groups.visiblegroup", 
        "fields": {
            "whiteboard": null, 
            "invite_only": false, 
            "visibility": "E",
            "list_type": "a"
        }
    }, 
    {
        "pk": 36, 
        "model": "base_groups.visiblegroup", 
        "fields": {
            "whiteboard": null, 
            "invite_only": false, 
            "visibility": "E",
            "list_type": "a"
        }
    }, 
    {
        "pk": 37, 
        "model": "base_groups.visiblegroup", 
        "fields": {
            "whiteboard": null, 
            "invite_only": false, 
            "visibility": "E",
            "list_type": "a"
        }
    }, 
    {
        "pk": 38, 
        "model": "base_groups.visiblegroup", 
        "fields": {
            "whiteboard": null, 
            "invite_only": false, 
            "visibility": "E" 
        }
    }, 
    {
        "pk": 39, 
        "model": "base_groups.visiblegroup", 
        "fields": {
            "whiteboard": null, 
            "invite_only": false, 
            "visibility": "E" 
        }
    }, 
    {
        "pk": 40, 
        "model": "base_groups.visiblegroup", 
        "fields": {
            "whiteboard": null, 
            "invite_only": false, 
            "visibility": "E" 
        }
    }, 
    {
        "pk": 41, 
        "model": "base_groups.visiblegroup", 
        "fields": {
            "whiteboard": null, 
            "invite_only": false, 
            "visibility": "E" 
        }
    }, 
    {
        "pk": 42, 
        "model": "base_groups.visiblegroup", 
        "fields": {
            "whiteboard": null, 
            "invite_only": false, 
            "visibility": "E" 
        }
    }, 
    {
        "pk": 43, 
        "model": "base_groups.visiblegroup", 
        "fields": {
            "whiteboard": null, 
            "invite_only": false, 
            "visibility": "E" 
        }
    }, 
    {
        "pk": 44, 
        "model": "base_groups.visiblegroup", 
        "fields": {
            "whiteboard": null, 
            "invite_only": false, 
            "visibility": "E" 
        }
    }, 
    {
        "pk": 45, 
        "model": "base_groups.visiblegroup", 
        "fields": {
            "whiteboard": null, 
            "invite_only": true, 
            "visibility": "M" 
        }
    }, 
    {
        "pk": 46, 
        "model": "base_groups.visiblegroup", 
        "fields": {
            "whiteboard": null, 
            "invite_only": true, 
            "visibility": "M" 
        }
    }, 
    {
        "pk": 47, 
        "model": "base_groups.visiblegroup", 
        "fields": {
            "whiteboard": null, 
            "invite_only": true, 
            "visibility": "M" 
        }
    }, 
    {
        "pk": 48, 
        "model": "base_groups.visiblegroup", 
        "fields": {
            "whiteboard": null, 
            "invite_only": false, 
            "visibility": "M" 
        }
    }, 
    {
        "pk": 49, 
        "model": "base_groups.visiblegroup", 
        "fields": {
            "whiteboard": null, 
            "invite_only": false, 
            "visibility": "M" 
        }
    }, 
    {
        "pk": 50, 
        "model": "base_groups.visiblegroup", 
        "fields": {
            "whiteboard": null, 
            "invite_only": false, 
            "visibility": "M" 
        }
    }, 
    {
        "pk": 51, 
        "model": "base_groups.visiblegroup", 
        "fields": {
            "whiteboard": null, 
            "invite_only": false, 
            "visibility": "M" 
        }
    }, 
    {
        "pk": 52, 
        "model": "base_groups.visiblegroup", 
        "fields": {
            "whiteboard": null, 
            "invite_only": false, 
            "visibility": "M" 
        }
    }, 
    {
        "pk": 53, 
        "model": "base_groups.visiblegroup", 
        "fields": {
            "whiteboard": null, 
            "invite_only": false, 
            "visibility": "M" 
        }
    }, 
    {
        "pk": 54, 
        "model": "base_groups.visiblegroup", 
        "fields": {
            "whiteboard": null, 
            "invite_only": false, 
            "visibility": "M" 
        }
    }, 
    {
        "pk": 55, 
        "model": "base_groups.visiblegroup", 
        "fields": {
            "whiteboard": null, 
            "invite_only": false, 
            "visibility": "M" 
        }
    }, 
    {
        "pk": 56, 
        "model": "base_groups.visiblegroup", 
        "fields": {
            "whiteboard": null, 
            "invite_only": false, 
            "visibility": "M" 
        }
    }, 
    {
        "pk": 57, 
        "model": "base_groups.visiblegroup", 
        "fields": {
            "whiteboard": null, 
            "invite_only": false, 
            "visibility": "M" 
        }
    },
    {
        "pk": 58, 
        "model": "base_groups.visiblegroup", 
        "fields": {
            "whiteboard": null, 
            "invite_only": true, 
            "visibility": "M" 
        }
    }, 
    {
        "pk": 59, 
        "model": "base_groups.visiblegroup", 
        "fields": {
            "whiteboard": null, 
            "invite_only": true, 
            "visibility": "M" 
        }
    }, 
    {
        "pk": 60, 
        "model": "base_groups.visiblegroup", 
        "fields": {
            "parent": 1, 
            "visibility": "M", 
            "invite_only": true 
        }
    }, 
    {
        "pk": 61, 
        "model": "base_groups.visiblegroup", 
        "fields": {
            "parent": 2, 
            "visibility": "M", 
            "invite_only": true 
        }
    }, 
    {
        "pk": 62, 
        "model": "base_groups.visiblegroup", 
        "fields": {
            "parent": 3, 
            "visibility": "M", 
            "invite_only": true 
        }
    }, 
    {
        "pk": 63, 
        "model": "base_groups.visiblegroup", 
        "fields": {
            "parent": 4, 
            "visibility": "M", 
            "invite_only": true 
        }
    }, 
    {
        "pk": 64, 
        "model": "base_groups.visiblegroup", 
        "fields": {
            "parent": 5, 
            "visibility": "M", 
            "invite_only": true 
        }
    }, 
    {
        "pk": 65, 
        "model": "base_groups.visiblegroup", 
        "fields": {
            "parent": 6, 
            "visibility": "M", 
            "invite_only": true 
        }
    }, 
    {
        "pk": 66, 
        "model": "base_groups.visiblegroup", 
        "fields": {
            "parent": 7, 
            "visibility": "M", 
            "invite_only": true 
        }
    }, 
    {
        "pk": 67, 
        "model": "base_groups.visiblegroup", 
        "fields": {
            "parent": 8, 
            "visibility": "M", 
            "invite_only": true 
        }
    }, 
    {
        "pk": 68, 
        "model": "base_groups.visiblegroup", 
        "fields": {
            "parent": 9, 
            "visibility": "M", 
            "invite_only": true 
        }
    }, 
    {
        "pk": 69, 
        "model": "base_groups.visiblegroup", 
        "fields": {
            "parent": 10, 
            "visibility": "M", 
            "invite_only": true 
        }
    }, 
    {
        "pk": 70, 
        "model": "base_groups.visiblegroup", 
        "fields": {
            "parent": 11, 
            "visibility": "M", 
            "invite_only": true 
        }
    }, 
    {
        "pk": 71, 
        "model": "base_groups.visiblegroup", 
        "fields": {
            "parent": 12, 
            "visibility": "M", 
            "invite_only": true 
        }
    }, 
    {
        "pk": 72, 
        "model": "base_groups.visiblegroup", 
        "fields": {
            "parent": 13, 
            "visibility": "M", 
            "invite_only": true 
        }
    }, 
    {
        "pk": 73, 
        "model": "base_groups.visiblegroup", 
        "fields": {
            "parent": 14, 
            "visibility": "M", 
            "invite_only": true 
        }
    }, 
    {
        "pk": 74, 
        "model": "base_groups.visiblegroup", 
        "fields": {
            "parent": 15, 
            "visibility": "M", 
            "invite_only": true 
        }
    }, 
    {
        "pk": 75, 
        "model": "base_groups.visiblegroup", 
        "fields": {
            "parent": 16, 
            "visibility": "M", 
            "invite_only": true 
        }
    }, 
    {
        "pk": 76, 
        "model": "base_groups.visiblegroup", 
        "fields": {
            "parent": 17, 
            "visibility": "M", 
            "invite_only": true 
        }
    }, 
    {
        "pk": 77, 
        "model": "base_groups.visiblegroup", 
        "fields": {
            "parent": 18, 
            "visibility": "M", 
            "invite_only": true 
        }
    }, 
    {
        "pk": 78, 
        "model": "base_groups.visiblegroup", 
        "fields": {
            "parent": 19, 
            "visibility": "M", 
            "invite_only": true 
        }
    }, 
    {
        "pk": 79, 
        "model": "base_groups.visiblegroup", 
        "fields": {
            "parent": 20, 
            "visibility": "M", 
            "invite_only": true 
        }
    }, 
    {
        "pk": 80, 
        "model": "base_groups.visiblegroup", 
        "fields": {
            "parent": 21, 
            "visibility": "M", 
            "invite_only": true 
        }
    }, 
    {
        "pk": 81, 
        "model": "base_groups.visiblegroup", 
        "fields": {
            "parent": 22, 
            "visibility": "M", 
            "invite_only": true 
        }
    }, 
    {
        "pk": 82, 
        "model": "base_groups.visiblegroup", 
        "fields": {
            "parent": 23, 
            "visibility": "M", 
            "invite_only": true 
        }
    }, 
    {
        "pk": 83, 
        "model": "base_groups.visiblegroup", 
        "fields": {
            "parent": 24, 
            "visibility": "M", 
            "invite_only": true 
        }
    }, 
    {
        "pk": 84, 
        "model": "base_groups.visiblegroup", 
        "fields": {
            "parent": 25, 
            "visibility": "M", 
            "invite_only": true 
        }
    }, 
    {
        "pk": 85, 
        "model": "base_groups.visiblegroup", 
        "fields": {
            "parent": 26, 
            "visibility": "M", 
            "invite_only": true 
        }
    }, 
    {
        "pk": 86, 
        "model": "base_groups.visiblegroup", 
        "fields": {
            "parent": 27, 
            "visibility": "M", 
            "invite_only": true 
        }
    }, 
    {
        "pk": 87, 
        "model": "base_groups.visiblegroup", 
        "fields": {
            "parent": 28, 
            "visibility": "M", 
            "invite_only": true 
        }
    }, 
    {
        "pk": 88, 
        "model": "base_groups.visiblegroup", 
        "fields": {
            "parent": 29, 
            "visibility": "M", 
            "invite_only": true 
        }
    }, 
    {
        "pk": 89, 
        "model": "base_groups.visiblegroup", 
        "fields": {
            "parent": 30, 
            "visibility": "M", 
            "invite_only": true 
        }
    }, 
    {
        "pk": 90, 
        "model": "base_groups.visiblegroup", 
        "fields": {
            "parent": 31, 
            "visibility": "M", 
            "invite_only": true 
        }
    }, 
    {
        "pk": 91, 
        "model": "base_groups.visiblegroup", 
        "fields": {
            "parent": 32, 
            "visibility": "M", 
            "invite_only": true 
        }
    }, 
    {
        "pk": 92, 
        "model": "base_groups.visiblegroup", 
        "fields": {
            "parent": 33, 
            "visibility": "M", 
            "invite_only": true 
        }
    }, 
    {
        "pk": 93, 
        "model": "base_groups.visiblegroup", 
        "fields": {
            "parent": 34, 
            "visibility": "M", 
            "invite_only": true 
        }
    }, 
    {
        "pk": 94, 
        "model": "base_groups.visiblegroup", 
        "fields": {
            "parent": 35, 
            "visibility": "M", 
            "invite_only": true 
        }
    }, 
    {
        "pk": 95, 
        "model": "base_groups.visiblegroup", 
        "fields": {
            "parent": 36, 
            "visibility": "M", 
            "invite_only": true 
        }
    }, 
    {
        "pk": 96, 
        "model": "base_groups.visiblegroup", 
        "fields": {
            "parent": 37, 
            "visibility": "M", 
            "invite_only": true 
        }
    }, 
    {
        "pk": 97, 
        "model": "base_groups.visiblegroup", 
        "fields": {
            "visibility": "M", 
            "invite_only": true 
        }
    }, 
    {
        "pk": 98, 
        "model": "base_groups.visiblegroup", 
        "fields": {
            "visibility": "M", 
            "invite_only": true 
        }
    }, 
    {
        "pk": 99, 
        "model": "base_groups.visiblegroup", 
        "fields": {
            "visibility": "E", 
            "invite_only": false 
        }
    } 
]
